{
	"partitions" : [
		{
			"name" : "Top",
			"pins" : [
				{
					"name" : "leds[0]",
					"strict" : false
				},
				{
					"name" : "leds[1]",
					"strict" : false
				},
				{
					"name" : "leds[2]",
					"strict" : false
				},
				{
					"name" : "leds[3]",
					"strict" : false
				},
				{
					"name" : "leds[4]",
					"strict" : false
				},
				{
					"name" : "leds[5]",
					"strict" : false
				},
				{
					"name" : "leds[6]",
					"strict" : false
				},
				{
					"name" : "leds[7]",
					"strict" : false
				},
				{
					"name" : "seg7_data[0]",
					"strict" : false
				},
				{
					"name" : "seg7_data[1]",
					"strict" : false
				},
				{
					"name" : "seg7_data[2]",
					"strict" : false
				},
				{
					"name" : "seg7_data[3]",
					"strict" : false
				},
				{
					"name" : "seg7_data[4]",
					"strict" : false
				},
				{
					"name" : "seg7_data[5]",
					"strict" : false
				},
				{
					"name" : "seg7_data[6]",
					"strict" : false
				},
				{
					"name" : "seg7_char1",
					"strict" : false
				},
				{
					"name" : "seg7_char2",
					"strict" : false
				},
				{
					"name" : "sw[3]",
					"strict" : false
				},
				{
					"name" : "sw[7]",
					"strict" : false
				},
				{
					"name" : "pb_n[3]",
					"strict" : false
				},
				{
					"name" : "sw[2]",
					"strict" : false
				},
				{
					"name" : "sw[6]",
					"strict" : false
				},
				{
					"name" : "sw[1]",
					"strict" : false
				},
				{
					"name" : "sw[5]",
					"strict" : false
				},
				{
					"name" : "sw[0]",
					"strict" : false
				},
				{
					"name" : "sw[4]",
					"strict" : false
				},
				{
					"name" : "pb_n[0]",
					"strict" : false
				},
				{
					"name" : "pb_n[1]",
					"strict" : false
				},
				{
					"name" : "pb_n[2]",
					"strict" : false
				},
				{
					"name" : "clkin_50",
					"strict" : false
				}
			]
		}
	]
}